{"type":"zr","options":{"inputSize":4,"inputRange":0,"hiddenLayers":[8],"outputSize":4,"decayRate":0.999,"smoothEps":1e-8,"regc":0.000001,"clipval":5,"maxPredictionLength":100,"dataFormatter":{"indexTable":{},"characterTable":{},"characters":[],"specialIndexes":[]}},"hiddenLayers":[{"inputMatrix":{"rows":8,"columns":4,"weights":[2.996340274810791,2.9289603233337402,3.0835742950439453,0.7605863809585571,-0.33305105566978455,-0.21731211245059967,-0.32217511534690857,-0.2737380862236023,4.031086444854736,3.977726936340332,3.974977493286133,2.3075432777404785,0.03582531586289406,-0.05555593594908714,-0.05258457735180855,-0.12523387372493744,-0.06516733020544052,-0.08521151542663574,-0.13310430943965912,0.0021952486131340265,0.011540253646671772,-0.014784740284085274,0.01419973187148571,0.6250215172767639,3.733997106552124,3.7644195556640625,3.7805631160736084,2.6420085430145264,0.8775938153266907,1.0360480546951294,0.9589754939079285,0.4088369309902191]},"inputHidden":{"rows":8,"columns":8,"weights":[0.03594700247049332,-4.776174068450928,-0.10488205403089523,0.1009766235947609,-4.914519786834717,4.666091442108154,0.057381607592105865,-0.09839721769094467,-1.657930850982666,3.361131191253662,3.591226100921631,-2.61450457572937,4.46579122543335,-3.2804348468780518,-1.7137123346328735,2.7315480709075928,0.12316716462373734,-4.902247905731201,-0.2412394881248474,0.17318348586559296,-5.299051761627197,4.823751449584961,0.07059596478939056,-0.15731307864189148,-3.5961711406707764,-2.590564489364624,1.8082863092422485,0.4787083566188812,-4.283707618713379,6.481356620788574,0.2401302456855774,0.24322359263896942,3.5538852214813232,2.06858491897583,-2.0389177799224854,3.1354637145996094,3.849386215209961,-2.2290093898773193,3.726900339126587,-3.038466215133667,0.4407917559146881,1.5281926393508911,0.4049874544143677,-0.09401599317789078,2.994654417037964,-5.4164838790893555,0.04658662900328636,0.18275032937526703,0.20946621894836426,-5.110114574432373,-0.5629247426986694,0.3925987184047699,-6.187171936035156,5.1874237060546875,0.10613054782152176,-0.38899776339530945,-0.09811367839574814,-4.7866315841674805,-1.0422083139419556,0.5509384274482727,-6.204467296600342,5.805978298187256,0.17173729836940765,-0.5637034773826599]},"inputBias":{"rows":8,"columns":1,"weights":[-0.688313364982605,4.591894149780273,-1.0422526597976685,-1.4039537906646729,4.627892971038818,4.620116710662842,-1.3237574100494385,-1.3981810808181763]},"forgetMatrix":{"rows":8,"columns":4,"weights":[1.4468237161636353,1.3838082551956177,1.4699227809906006,0.3357236683368683,-4.590100288391113,-4.6522345542907715,-4.63055944442749,-4.3924479484558105,2.6024062633514404,2.4776759147644043,2.56247615814209,0.8533654808998108,2.2016913890838623,2.2552506923675537,2.3023202419281006,2.23068904876709,-4.616386413574219,-4.655135631561279,-4.538351058959961,-3.8619635105133057,-1.366498589515686,-1.1596487760543823,-1.233137845993042,2.099285125732422,3.7752881050109863,3.703615427017212,3.7969393730163574,1.3236918449401855,3.723450183868408,3.643794298171997,3.7837116718292236,2.466578722000122]},"forgetHidden":{"rows":8,"columns":8,"weights":[0.02556140348315239,-4.704319953918457,-0.06306718289852142,-0.007463215850293636,-4.756937026977539,4.586892127990723,-0.07040602713823318,-0.07219569385051727,-0.583035409450531,1.4231340885162354,1.678159236907959,-1.060947299003601,3.3260014057159424,-1.395063877105713,-0.6094935536384583,1.0653176307678223,-0.02536340430378914,-4.669055461883545,-0.13828878104686737,0.005193154327571392,-4.804446220397949,4.636866092681885,-0.04763923957943916,-0.021302076056599617,0.11505646258592606,-4.720714092254639,-0.7475271224975586,0.44885557889938354,-6.226505756378174,5.327105522155762,0.1292925775051117,-0.5169849991798401,-0.2422248125076294,0.7317464351654053,0.940155565738678,-0.48256373405456543,2.198786735534668,-0.776498556137085,-0.36910364031791687,0.5849241018295288,4.510279655456543,0.26637202501296997,-4.269063949584961,4.479811191558838,0.8607567548751831,-2.4012503623962402,4.498472213745117,-4.462872505187988,0.009440893307328224,-4.832193374633789,-0.20306722819805145,0.10837464034557343,-5.127391338348389,4.854526042938232,0.07212107628583908,-0.16258831322193146,0.10596924275159836,-4.892740249633789,-0.4399656057357788,0.23310403525829315,-5.66389274597168,5.007935047149658,0.12706239521503448,-0.2573246657848358]},"forgetBias":{"rows":8,"columns":1,"weights":[0,0,0,0,0,0,0,0]},"outputMatrix":{"rows":8,"columns":4,"weights":[3.5443670749664307,3.491711378097534,3.515702247619629,1.1500153541564941,-0.5980183482170105,-0.4764677882194519,-0.5392493009567261,-0.5027360916137695,4.335991382598877,4.3281683921813965,4.291388988494873,2.976003885269165,0.01137652900069952,-0.04811151325702667,-0.03379383310675621,-0.11497972905635834,-0.16322527825832367,-0.1212327852845192,-0.24679447710514069,-0.10063207149505615,0.07229813933372498,0.0991101935505867,0.07392329722642899,0.4392566382884979,4.395815849304199,4.334498405456543,4.446144104003906,3.5780911445617676,3.0495502948760986,3.127603769302368,3.0749852657318115,2.9797561168670654]},"outputHidden":{"rows":8,"columns":8,"weights":[-0.023230403661727905,-4.701488971710205,-0.12444990873336792,0.0650852844119072,-4.922077655792236,2.0159237384796143,0.07854984700679779,-0.025467371568083763,-2.069406509399414,3.714646339416504,3.960906982421875,-3.0951569080352783,4.540724277496338,-3.744293212890625,-2.0935773849487305,3.3714559078216553,0.1562623381614685,-4.990945339202881,-0.3614675998687744,0.15509161353111267,-5.549588203430176,2.2593138217926025,0.0804603099822998,-0.16606967151165009,-3.259931802749634,-3.249664068222046,1.459425687789917,-2.158653736114502,-4.490673542022705,7.32016134262085,-3.275937795639038,2.0085926055908203,3.243614912033081,2.4986355304718018,-1.5554643869400024,2.609034776687622,4.164250373840332,-2.630841016769409,3.34442400932312,-2.5285236835479736,0.35698696970939636,1.6937297582626343,0.5692684650421143,-0.33281901478767395,3.4337687492370605,-5.598772048950195,-0.0006136507727205753,0.41616860032081604,0.2778036296367645,-5.269892692565918,-0.8778060674667358,0.5559899210929871,-6.680249214172363,5.30506706237793,0.3020167946815491,-0.535220742225647,0.4396097660064697,-5.874290943145752,-1.7391718626022339,0.9597902894020081,-7.730238914489746,6.129443645477295,0.5225018262863159,-1.111993432044983]},"outputBias":{"rows":8,"columns":1,"weights":[-0.5545496344566345,4.591614723205566,-0.7048733830451965,-0.8361340165138245,4.627893924713135,4.6202898025512695,-0.8346735835075378,-0.838965654373169]},"cellActivationMatrix":{"rows":8,"columns":4,"weights":[2.569446325302124,2.384808301925659,2.5220749378204346,3.074998378753662,3.222508668899536,3.4175527095794678,3.263319730758667,4.571958065032959,-2.379509449005127,-2.2365236282348633,-2.3603789806365967,-3.054197072982788,4.148738861083984,4.365605354309082,4.340358257293701,4.588471412658691,4.603020668029785,4.650533676147461,4.609429359436035,4.67169713973999,-4.554319381713867,-4.605618476867676,-4.67705774307251,-4.615985870361328,4.58646821975708,4.625810146331787,4.677182197570801,4.591850757598877,-4.620851993560791,-4.683299541473389,-4.6204118728637695,-4.648568153381348]},"cellActivationHidden":{"rows":8,"columns":8,