{"type":"zr","options":{"inputSize":4,"inputRange":0,"hiddenLayers":[8],"outputSize":4,"decayRate":0.999,"smoothEps":1e-8,"regc":0.000001,"clipval":5,"maxPredictionLength":100,"dataFormatter":{"indexTable":{},"characterTable":{},"characters":[],"specialIndexes":[]}},"hiddenLayers":[{"inputMatrix":{"rows":8,"columns":4,"weights":[3.2841055393218994,3.189711332321167,3.2089993953704834,2.4569008350372314,0.7309228181838989,0.8622756600379944,0.8252072334289551,0.45578452944755554,-3.2438127994537354,-3.035244941711426,-3.0987584590911865,-1.5709757804870605,-5.078123092651367,-5.298785209655762,-5.657016754150391,-3.0372698307037354,0.09796533733606339,0.1324373036623001,0.0499461404979229,0.5873942375183105,-0.08981411159038544,-0.10898833721876144,-0.11651339381933212,-0.36439889669418335,4.349065780639648,4.4121012687683105,4.455023765563965,3.55053973197937,3.3387110233306885,3.4407899379730225,3.482232093811035,-0.4653540849685669]},"inputHidden":{"rows":8,"columns":8,"weights":[0.13572946190834045,1.0051836967468262,1.4992140531539917,-3.4910671710968018,-4.823188304901123,-0.6747694611549377,-0.26292845606803894,-0.8794033527374268,-1.4233981370925903,3.6087868213653564,9.38261604309082,-8.09321403503418,-6.551645755767822,1.583770751953125,1.1439145803451538,-2.972161293029785,0.037739306688308716,-0.1989879459142685,-0.37169191241264343,4.291928768157959,3.8017632961273193,0.2084272801876068,0.09446699172258377,0.21857920289039612,2.948618173599243,1.2266535758972168,-5.544127464294434,-2.424490451812744,1.5770668983459473,2.5905017852783203,1.2677322626113892,6.022280216217041,0.033753614872694016,-0.8674496412277222,-3.1252686977386475,0.9616991877555847,4.8297834396362305,0.6175177097320557,0.21230429410934448,1.1807260513305664,-0.31613627076148987,1.7098878622055054,5.8576979637146,-1.6441706418991089,-5.024986743927002,-0.8041166663169861,0.13943332433700562,-3.2647409439086914,-5.050584316253662,2.748382568359375,8.698065757751465,-2.5465307235717773,-5.311585426330566,-1.5364042520523071,-0.4144003391265869,-6.800152778625488,-0.04907521232962608,0.16200990974903107,0.04389622062444687,4.483889102935791,2.375788927078247,-0.15439163148403168,0.02214192785322666,-0.16493016481399536]},"inputBias":{"rows":8,"columns":1,"weights":[-2.266568183898926,-2.7718629837036133,3.6695168018341064,2.132798671722412,2.690519332885742,-1.9884556531906128,-3.5097336769104004,0.19670216739177704]},"forgetMatrix":{"rows":8,"columns":4,"weights":[3.7300307750701904,3.6198604106903076,3.6289010047912598,1.4019112586975098,5.046531677246094,5.480903625488281,5.5584821701049805,1.7567808628082275,2.7558767795562744,2.878735303878784,2.8722307682037354,2.076042652130127,-4.55778169631958,-4.572205543518066,-4.647749900817871,-3.8355090618133545,0.4200139045715332,0.5380489230155945,0.4200562536716461,2.8543214797973633,4.031243324279785,4.028618812561035,4.019057273864746,2.7177200317382812,0.0031598287168890238,0.17090897262096405,0.06219853460788727,-0.5785753726959229,1.2562687397003174,1.4042845964431763,1.2310221195220947,-0.4547434151172638]},"forgetHidden":{"rows":8,"columns":8,"weights":[0.010400785133242607,0.29669660329818726,0.32259228825569153,-4.171375751495361,-4.5185980796813965,-0.17402556538581848,-0.14899782836437225,-0.25099343061447144,-4.667331218719482,-0.24804235994815826,-83.12603759765625,37.1561279296875,9.84619426727295,-3.507214069366455,2.552156925201416,-3.8983240127563477,0.20147207379341125,-1.1871477365493774,-1.9269200563430786,0.3817373812198639,4.66698694229126,2.1477925777435303,-0.28301045298576355,0.49650338292121887,-0.15154922008514404,-1.210469126701355,-0.7526698708534241,0.5910681486129761,0.1823839247226715,0.5554169416427612,0.7322935461997986,1.0383403301239014,4.45784854888916,4.066938400268555,-4.806023597717285,0.07520003616809845,4.230471611022949,-3.816277027130127,-1.300113558769226,4.9014177322387695,-0.09483221918344498,1.6839640140533447,-34.00015640258789,-4.714611053466797,4.80700159072876,-0.4041697680950165,-0.29400187730789185,0.8071834444999695,-0.07463334500789642,1.3473706245422363,4.6526055335998535,2.5862910747528076,-4.937177658081055,-0.8916302919387817,-0.1646922528743744,-1.6048072576522827,-0.03372708708047867,0.12555855512619019,-0.2841925024986267,4.525186061859131,4.615708351135254,0.08533820509910583,0.025638073682785034,0.008381043560802937]},"forgetBias":{"rows":8,"columns":1,"weights":[0,0,0,0,0,0,0,0]},"outputMatrix":{"rows":8,"columns":4,"weights":[4.353183269500732,4.412816047668457,4.334468364715576,3.573998212814331,0.4842528998851776,0.5428323745727539,0.48357057571411133,0.2816425859928131,-3.6382198333740234,-3.526761531829834,-3.5487711429595947,-2.204277515411377,-3.222764730453491,-3.645477771759033,-3.763965368270874,-1.1240702867507935,0.09564008563756943,0.006404325366020203,0.049707408994436264,0.19868776202201843,0.7358896732330322,0.6889636516571045,0.6310274600982666,0.24009254574775696,3.2776126861572266,3.7360193729400635,3.619541883468628,1.9278150796890259,3.560763120651245,3.7386972904205322,3.6465260982513428,-0.9455038905143738]},"outputHidden":{"rows":8,"columns":8,"weights":[0.11279860883951187,1.3160614967346191,0.9383119344711304,-5.057651519775391,-4.55938720703125,-0.91764897108078,-0.39188432693481445,-0.9391098618507385,-1.933838963508606,0.3538496792316437,11.405468940734863,-8.483870506286621,-7.193736553192139,-0.9745416641235352,0.45926594734191895,-4.371209621429443,-0.03017159178853035,-0.26041877269744873,-0.2632887363433838,4.40625,2.9183151721954346,0.27308720350265503,0.06165280193090439,0.2434578239917755,3.407954692840576,0.5346922874450684,-6.35127592086792,1.4063605070114136,1.6196553707122803,1.597416877746582,1.6620893478393555,6.6162543296813965,0.08000040054321289,-1.1007194519042969,-3.245487928390503,1.2151100635528564,4.87215518951416,0.6720969676971436,0.3724088966846466,1.459309697151184,0.5366431474685669,2.5463242530822754,6.4082865715026855,-3.065943956375122,-5.126955032348633,-2.3328418731689453,-0.7994751930236816,-2.8067336082458496,-3.277416229248047,0.261425644159317,9.836003303527832,-3.4466426372528076,-5.894827365875244,0.32721447944641113,1.811488389968872,-7.144181728363037,-0.0402984581887722,0.2038528025150299,0.04729033261537552,4.519872665405273,1.1041103601455688,-0.12568899989128113,0.024259280413389206,-0.156114861369133]},"outputBias":{"rows":8,"columns":1,"weights":[0.5035429000854492,-1.6550309658050537,4.167457580566406,2.96877121925354,3.2706687450408936,0.7030413150787354,-1.783683180809021,0.23391865193843842]},"cellActivationMatrix":{"rows":8,"columns":4,"weights":[4.69002103805542,4.614834785461426,4.730377197265625,4.632884502410889,-1.391717791557312,-1.7404844760894775,0.9103327393531799,1.1931904554367065,-4.64408016204834,-4.663285732269287,-4.567727088928223,-4.667606830596924,4.525514125823975,4.602994441986084,4.598718166351318,4.690150737762451,4.548822402954102,4.629348278045654,4.694423675537109,4.616797924041748,-9.11484146118164,-8.233875274658203,-8.864912033081055,-6.250443458557129,-5.371710777282715,-9.082521438598633,-8.005706787109375,-6.941647529602051,6.322569847106934,7.084197521209717,6.478342533111572,5.055739879608154]},"cellActivationHidden":{"rows":8,"columns":8,